"DESCRIPTION","DURATION IN MS","NAME","PARENT SUITE","START TIME","STATUS","STOP TIME","SUB SUITE","SUITE","TEST CLASS","TEST METHOD"
"","141","Get Wallet","QA - Cashdrive / Business","Fri May 16 18:48:31 GMT 2025","passed","Fri May 16 18:48:31 GMT 2025","Get wallet","Wallets","",""
"","540","Reject Operation","QA - Cashdrive / Business","Fri May 16 18:48:29 GMT 2025","passed","Fri May 16 18:48:29 GMT 2025","Maker Checker Operations > Reject Operation","Maker Checker","",""
"","693","Bulk Transfer -  Empty Fields","QA - Cashdrive / Business","Fri May 16 18:48:33 GMT 2025","passed","Fri May 16 18:48:34 GMT 2025","Bulk transfer","Transfer","",""
"","100","Get Fees - Empty Fields","QA - Cashdrive / Business","Fri May 16 18:48:36 GMT 2025","passed","Fri May 16 18:48:36 GMT 2025","","Get Fees","",""
"","75","Get Wallet - No Auth","QA - Cashdrive / Business","Fri May 16 18:48:31 GMT 2025","passed","Fri May 16 18:48:31 GMT 2025","Get wallet","Wallets","",""
"","98","List Tiers","QA - Cashdrive / Business","Fri May 16 18:49:13 GMT 2025","passed","Fri May 16 18:49:13 GMT 2025","Fetch Teirs","Tiers","",""
"","102","List wallets","QA - Cashdrive / Business","Fri May 16 18:48:30 GMT 2025","passed","Fri May 16 18:48:31 GMT 2025","List wallets","Wallets","",""
"","285","Get Transaction","QA - Cashdrive / Business","Fri May 16 18:49:01 GMT 2025","passed","Fri May 16 18:49:01 GMT 2025","Get transaction","Transactions","",""
"","91","List Billers-Invalid category Id","QA - Cashdrive / Business","Fri May 16 18:48:41 GMT 2025","passed","Fri May 16 18:48:41 GMT 2025","List Billers","Pay Bills","",""
"","98","Update Role","QA - Cashdrive / Business","Fri May 16 18:48:21 GMT 2025","passed","Fri May 16 18:48:21 GMT 2025","Roles > Update Role","Roles and Permissions","",""
"","5230","Download Transaction Receipt","QA - Cashdrive / Business","Fri May 16 18:49:05 GMT 2025","passed","Fri May 16 18:49:11 GMT 2025","Download Receipt","Transactions","",""
"","92","Delete Transfer Beneficiary-Invalid Profile Id","QA - Cashdrive / Business","Fri May 16 18:48:38 GMT 2025","passed","Fri May 16 18:48:38 GMT 2025","Transfer Beneficiaries > Delete Beneficiary","Beneficiaries","",""
"","418","Get Transactions","QA - Cashdrive / Business","Fri May 16 18:49:00 GMT 2025","passed","Fri May 16 18:49:00 GMT 2025","Get transactions","Transactions","",""
"","134","Get Transfer Beneficiary","QA - Cashdrive / Business","Fri May 16 18:48:38 GMT 2025","passed","Fri May 16 18:48:39 GMT 2025","Transfer Beneficiaries > Get Beneficiary","Beneficiaries","",""
"","73","Update Account","QA - Cashdrive / Business","Fri May 16 18:48:18 GMT 2025","passed","Fri May 16 18:48:19 GMT 2025","Get Accounts","Profile","",""
"","799","Make bill payment-Empty fields","QA - Cashdrive / Business","Fri May 16 18:48:52 GMT 2025","passed","Fri May 16 18:48:53 GMT 2025","Make Bill Payment > Make bill payment-Cable TV > DSTV","Pay Bills","",""
"","74","Liquidate Savings Plan","QA - Cashdrive / Business","Fri May 16 18:49:16 GMT 2025","passed","Fri May 16 18:49:16 GMT 2025","Liquidate Savings Plan","Savings/Investments","",""
"","129","Update Role-Empty id field","QA - Cashdrive / Business","Fri May 16 18:48:22 GMT 2025","passed","Fri May 16 18:48:22 GMT 2025","Roles > Update Role","Roles and Permissions","",""
"","87","Get Document-No auth","QA - Cashdrive / Business","Fri May 16 18:49:14 GMT 2025","passed","Fri May 16 18:49:14 GMT 2025","Get Document","Documents","",""
"","193","Resend Invite","QA - Cashdrive / Business","Fri May 16 18:48:24 GMT 2025","passed","Fri May 16 18:48:25 GMT 2025","Resend Invite","User Management","",""
"","415","Make bill payment","QA - Cashdrive / Business","Fri May 16 18:48:56 GMT 2025","passed","Fri May 16 18:48:57 GMT 2025","Make Bill Payment > Make bill payment-Cable TV > STARTIMES","Pay Bills","",""
"","641","Reset PIN","QA - Cashdrive / Business","Fri May 16 18:49:11 GMT 2025","passed","Fri May 16 18:49:12 GMT 2025","Reset PIN","User","",""
"","100","Get Fees","QA - Cashdrive / Business","Fri May 16 18:48:36 GMT 2025","failed","Fri May 16 18:48:36 GMT 2025","","Get Fees","",""
"","80","Reset Password - Empty confirm Password field","QA - Cashdrive / Business","Fri May 16 18:48:10 GMT 2025","passed","Fri May 16 18:48:10 GMT 2025","Reset password","Onboarding.","",""
"","194","Create User - Invalid Phone OTP","QA - Cashdrive / Business","Fri May 16 18:48:08 GMT 2025","failed","Fri May 16 18:48:08 GMT 2025","SignUp..... > Create user","Onboarding.","",""
"","101","Get Saving Plan Stats","QA - Cashdrive / Business","Fri May 16 18:48:26 GMT 2025","passed","Fri May 16 18:48:26 GMT 2025","","Dashboard","",""
"","102","Get Bill Beneficiaries","QA - Cashdrive / Business","Fri May 16 18:48:39 GMT 2025","passed","Fri May 16 18:48:39 GMT 2025","Bill Beneficiary > Bill Beneficiaries","Beneficiaries","",""
"","186","Automation Purposed - Delete User","QA - Cashdrive / Business","Fri May 16 18:48:25 GMT 2025","passed","Fri May 16 18:48:25 GMT 2025","Resend Invite","User Management","",""
"","78","Get Profiles - No Auth","QA - Cashdrive / Business","Fri May 16 18:48:13 GMT 2025","passed","Fri May 16 18:48:13 GMT 2025","Get Profiles","Profile","",""
"","195","List Billers-Cabletv","QA - Cashdrive / Business","Fri May 16 18:48:40 GMT 2025","failed","Fri May 16 18:48:40 GMT 2025","List Billers","Pay Bills","",""
"","200","List Biller Options-Education-Jamb","QA - Cashdrive / Business","Fri May 16 18:48:43 GMT 2025","failed","Fri May 16 18:48:43 GMT 2025","List Biller Options","Pay Bills","",""
"","121","Create Role","QA - Cashdrive / Business","Fri May 16 18:48:20 GMT 2025","failed","Fri May 16 18:48:20 GMT 2025","Roles > Create Role","Roles and Permissions","",""
"","81","Reset Password - Password Mismatch","QA - Cashdrive / Business","Fri May 16 18:48:10 GMT 2025","passed","Fri May 16 18:48:10 GMT 2025","Reset password","Onboarding.","",""
"","101","Get Transfer Beneficiary-Invalid beneficiary Id","QA - Cashdrive / Business","Fri May 16 18:48:39 GMT 2025","passed","Fri May 16 18:48:39 GMT 2025","Transfer Beneficiaries > Get Beneficiary","Beneficiaries","",""
"","252","Update Wallet - Unrestrict","QA - Cashdrive / Business","Fri May 16 18:48:31 GMT 2025","passed","Fri May 16 18:48:32 GMT 2025","Update wallet","Wallets","",""
"","95","Verify Phone - Incomplete Phone Number","QA - Cashdrive / Business","Fri May 16 18:48:07 GMT 2025","passed","Fri May 16 18:48:07 GMT 2025","SignUp..... > Verify phone number","Onboarding.","",""
"","133","Get Permissions","QA - Cashdrive / Business","Fri May 16 18:48:20 GMT 2025","passed","Fri May 16 18:48:20 GMT 2025","Permisssions","Roles and Permissions","",""
"","116","Create Role - Existing Name","QA - Cashdrive / Business","Fri May 16 18:48:20 GMT 2025","failed","Fri May 16 18:48:21 GMT 2025","Roles > Create Role","Roles and Permissions","",""
"","87","List Biller Options-Empty fields","QA - Cashdrive / Business","Fri May 16 18:48:43 GMT 2025","passed","Fri May 16 18:48:44 GMT 2025","List Biller Options","Pay Bills","",""
"","110","Get Roles","QA - Cashdrive / Business","Fri May 16 18:48:21 GMT 2025","passed","Fri May 16 18:48:21 GMT 2025","Roles > Get Roles","Roles and Permissions","",""
"","107","Create Transfer Beneficiary-Account num>10","QA - Cashdrive / Business","Fri May 16 18:48:38 GMT 2025","passed","Fri May 16 18:48:38 GMT 2025","Transfer Beneficiaries > Create Beneficiary","Beneficiaries","",""
"","77","Login - Invalid Email","QA - Cashdrive / Business","Fri May 16 18:48:09 GMT 2025","passed","Fri May 16 18:48:09 GMT 2025","Login","Onboarding.","",""
"","75","Get Transfer Beneficiaries-No Auth","QA - Cashdrive / Business","Fri May 16 18:48:38 GMT 2025","passed","Fri May 16 18:48:38 GMT 2025","Transfer Beneficiaries > Get Beneficiaries","Beneficiaries","",""
"","318","Create Transfer Schedule","QA - Cashdrive / Business","Fri May 16 18:48:34 GMT 2025","failed","Fri May 16 18:48:34 GMT 2025","Schedule > Transfer Schedule","Transfer","",""
"","92","Get File","QA - Cashdrive / Business","Fri May 16 18:49:13 GMT 2025","passed","Fri May 16 18:49:13 GMT 2025","","Files","",""
"","79","List Loans","QA - Cashdrive / Business","Fri May 16 18:49:18 GMT 2025","passed","Fri May 16 18:49:18 GMT 2025","","Loans","",""
"","114","Delete Bill Beneficiary","QA - Cashdrive / Business","Fri May 16 18:48:39 GMT 2025","failed","Fri May 16 18:48:40 GMT 2025","Bill Beneficiary > Bill Beneficiaries","Beneficiaries","",""
"","81","Create Loan","QA - Cashdrive / Business","Fri May 16 18:49:18 GMT 2025","passed","Fri May 16 18:49:18 GMT 2025","","Loans","",""
"","397","Bulk Transfer","QA - Cashdrive / Business","Fri May 16 18:48:33 GMT 2025","passed","Fri May 16 18:48:33 GMT 2025","Bulk transfer","Transfer","",""
"","102","Create Wallet","QA - Cashdrive / Business","Fri May 16 18:48:30 GMT 2025","passed","Fri May 16 18:48:30 GMT 2025","Create wallet","Wallets","",""
"","77","List Billers-No auth","QA - Cashdrive / Business","Fri May 16 18:48:41 GMT 2025","passed","Fri May 16 18:48:41 GMT 2025","List Billers","Pay Bills","",""
"","171","List Locations - Countries","QA - Cashdrive / Business","Fri May 16 18:49:17 GMT 2025","passed","Fri May 16 18:49:17 GMT 2025","Locations","Settings","",""
"","205","List Biller Options-Data-Mtn","QA - Cashdrive / Business","Fri May 16 18:48:42 GMT 2025","failed","Fri May 16 18:48:42 GMT 2025","List Biller Options","Pay Bills","",""
"","282","Create User - Empty Fields","QA - Cashdrive / Business","Fri May 16 18:48:07 GMT 2025","passed","Fri May 16 18:48:08 GMT 2025","SignUp..... > Create user","Onboarding.","",""
"","399","List Locations - Cities","QA - Cashdrive / Business","Fri May 16 18:49:18 GMT 2025","passed","Fri May 16 18:49:18 GMT 2025","Locations","Settings","",""
"","93","Create Transfer Beneficiary-Invalid Profile Id","QA - Cashdrive / Business","Fri May 16 18:48:37 GMT 2025","passed","Fri May 16 18:48:37 GMT 2025","Transfer Beneficiaries > Create Beneficiary","Beneficiaries","",""
"","268","Update Wallet - Restrict","QA - Cashdrive / Business","Fri May 16 18:48:31 GMT 2025","passed","Fri May 16 18:48:31 GMT 2025","Update wallet","Wallets","",""
"","71","List Accounts","QA - Cashdrive / Business","Fri May 16 18:48:18 GMT 2025","passed","Fri May 16 18:48:18 GMT 2025","Get Accounts","Profile","",""
"","107","Get Users","QA - Cashdrive / Business","Fri May 16 18:48:24 GMT 2025","passed","Fri May 16 18:48:24 GMT 2025","Resend Invite > Automation Purposed Invite User","User Management","",""
"","709","Reset Password - Revert","QA - Cashdrive / Business","Fri May 16 18:48:11 GMT 2025","passed","Fri May 16 18:48:11 GMT 2025","Reset password","Onboarding.","",""
"","86","Verify Biller Account Number-Invalid account number","QA - Cashdrive / Business","Fri May 16 18:48:44 GMT 2025","passed","Fri May 16 18:48:44 GMT 2025","Verify Biller account number","Pay Bills","",""
"","106","Update User Profile - Inactive","QA - Cashdrive / Business","Fri May 16 18:48:25 GMT 2025","passed","Fri May 16 18:48:25 GMT 2025","Update User Profile","User Management","",""
"","83","Get Saving Product Copy","QA - Cashdrive / Business","Fri May 16 18:49:16 GMT 2025","failed","Fri May 16 18:49:17 GMT 2025","","Savings/Investments","",""
"","401","Make bill payment-Invalid option Id","QA - Cashdrive / Business","Fri May 16 18:48:54 GMT 2025","passed","Fri May 16 18:48:54 GMT 2025","Make Bill Payment > Make bill payment-Cable TV > DSTV","Pay Bills","",""
"","118","Match Contacts","QA - Cashdrive / Business","Fri May 16 18:48:35 GMT 2025","passed","Fri May 16 18:48:36 GMT 2025","Match Contacts","Transfer","",""
"","141","Login - Wrong Password","QA - Cashdrive / Business","Fri May 16 18:48:09 GMT 2025","failed","Fri May 16 18:48:09 GMT 2025","Login","Onboarding.","",""
"","105","Get Transfer Beneficiaries","QA - Cashdrive / Business","Fri May 16 18:48:38 GMT 2025","passed","Fri May 16 18:48:38 GMT 2025","Transfer Beneficiaries > Get Beneficiaries","Beneficiaries","",""
"","92","Delete Transfer Beneficiary","QA - Cashdrive / Business","Fri May 16 18:48:38 GMT 2025","passed","Fri May 16 18:48:38 GMT 2025","Transfer Beneficiaries > Delete Beneficiary","Beneficiaries","",""
"","775","Get Saving Plans","QA - Cashdrive / Business","Fri May 16 18:49:15 GMT 2025","passed","Fri May 16 18:49:16 GMT 2025","Get Savings Plans","Savings/Investments","",""
"","99","Get Document","QA - Cashdrive / Business","Fri May 16 18:49:14 GMT 2025","passed","Fri May 16 18:49:14 GMT 2025","Get Document","Documents","",""
"","395","Update Maker Checker - Invalid Pin","QA - Cashdrive / Business","Fri May 16 18:48:28 GMT 2025","passed","Fri May 16 18:48:29 GMT 2025","Update Maker Checker","Maker Checker","",""
"","99","Set Document-Invalid type id","QA - Cashdrive / Business","Fri May 16 18:49:14 GMT 2025","passed","Fri May 16 18:49:14 GMT 2025","Set Document","Documents","",""
"","192","Invite User","QA - Cashdrive / Business","Fri May 16 18:48:23 GMT 2025","passed","Fri May 16 18:48:23 GMT 2025","Invite User","User Management","",""
"","104","Create Role - Empty Fields","QA - Cashdrive / Business","Fri May 16 18:48:20 GMT 2025","passed","Fri May 16 18:48:20 GMT 2025","Roles > Create Role","Roles and Permissions","",""
"","82","List Loan Products","QA - Cashdrive / Business","Fri May 16 18:49:18 GMT 2025","passed","Fri May 16 18:49:18 GMT 2025","","Loan Products","",""
"","196","Update Profile - Revert","QA - Cashdrive / Business","Fri May 16 18:48:16 GMT 2025","passed","Fri May 16 18:48:16 GMT 2025","Update Profile","Profile","",""
"","91","Upload File","QA - Cashdrive / Business","Fri May 16 18:49:13 GMT 2025","passed","Fri May 16 18:49:13 GMT 2025","","Files","",""
"","99","Verify Phone - Empty Phone Field","QA - Cashdrive / Business","Fri May 16 18:48:07 GMT 2025","passed","Fri May 16 18:48:07 GMT 2025","SignUp..... > Verify phone number","Onboarding.","",""
"","92","Set Security Question","QA - Cashdrive / Business","Fri May 16 18:49:11 GMT 2025","passed","Fri May 16 18:49:11 GMT 2025","Set Security Question","User","",""
"","155","Get Transaction-Invalid Profile Id","QA - Cashdrive / Business","Fri May 16 18:49:01 GMT 2025","passed","Fri May 16 18:49:01 GMT 2025","Get transaction","Transactions","",""
"","77","List Bill Categories-No auth","QA - Cashdrive / Business","Fri May 16 18:48:40 GMT 2025","passed","Fri May 16 18:48:40 GMT 2025","List Bill categories","Pay Bills","",""
"","102","Reject Operation - Empty Fields","QA - Cashdrive / Business","Fri May 16 18:48:29 GMT 2025","passed","Fri May 16 18:48:29 GMT 2025","Maker Checker Operations > Reject Operation","Maker Checker","",""
"","113","Automation Purposed - Get Users","QA - Cashdrive / Business","Fri May 16 18:48:26 GMT 2025","passed","Fri May 16 18:48:26 GMT 2025","Delete User","User Management","",""
"","193","Create Profile - Empty Fields","QA - Cashdrive / Business","Fri May 16 18:48:13 GMT 2025","passed","Fri May 16 18:48:13 GMT 2025","Create Profile","Profile","",""
"","194","List Biller Options-Education-Waec","QA - Cashdrive / Business","Fri May 16 18:48:43 GMT 2025","failed","Fri May 16 18:48:43 GMT 2025","List Biller Options","Pay Bills","",""
"","149","List Documents","QA - Cashdrive / Business","Fri May 16 18:49:13 GMT 2025","passed","Fri May 16 18:49:13 GMT 2025","List Documents","Documents","",""
"","90","Withdraw Savings Plan Copy","QA - Cashdrive / Business","Fri May 16 18:49:16 GMT 2025","passed","Fri May 16 18:49:16 GMT 2025","Withdraw Savings Plans","Savings/Investments","",""
"","101","Forgot Password - Non-existing User","QA - Cashdrive / Business","Fri May 16 18:48:09 GMT 2025","failed","Fri May 16 18:48:09 GMT 2025","Forgot password","Onboarding.","",""
"","537","Login","QA - Cashdrive / Business","Fri May 16 18:48:08 GMT 2025","passed","Fri May 16 18:48:09 GMT 2025","Login","Onboarding.","",""
"","109","Set Document","QA - Cashdrive / Business","Fri May 16 18:49:14 GMT 2025","passed","Fri May 16 18:49:14 GMT 2025","Set Document","Documents","",""
"","98","Verify Phone - Invalid Phone Number","QA - Cashdrive / Business","Fri May 16 18:48:06 GMT 2025","passed","Fri May 16 18:48:07 GMT 2025","SignUp..... > Verify phone number","Onboarding.","",""
"","80","Create Profile","QA - Cashdrive / Business","Fri May 16 18:48:08 GMT 2025","passed","Fri May 16 18:48:08 GMT 2025","SignUp..... > Create Profile - Automation Purpose","Onboarding.","",""
"","76","Get Profile by ID - No Auth","QA - Cashdrive / Business","Fri May 16 18:48:14 GMT 2025","passed","Fri May 16 18:48:14 GMT 2025","Get Profile by ID","Profile","",""
"","108","Get Users - Filter Active","QA - Cashdrive / Business","Fri May 16 18:48:22 GMT 2025","passed","Fri May 16 18:48:23 GMT 2025","Get Users","User Management","",""
"","95","Create Profile - Undefined Profile Type","QA - Cashdrive / Business","Fri May 16 18:48:13 GMT 2025","passed","Fri May 16 18:48:13 GMT 2025","Create Profile","Profile","",""
"","267","Get Profiles","QA - Cashdrive / Business","Fri May 16 18:48:13 GMT 2025","passed","Fri May 16 18:48:13 GMT 2025","Get Profiles","Profile","",""
"","94","Create User - Password Complexity","QA - Cashdrive / Business","Fri May 16 18:48:08 GMT 2025","passed","Fri May 16 18:48:08 GMT 2025","SignUp..... > Create user","Onboarding.","",""
"","111","Update Notification","QA - Cashdrive / Business","Fri May 16 18:49:15 GMT 2025","passed","Fri May 16 18:49:15 GMT 2025","","Notification","",""
"","514","Make Bill Payment","QA - Cashdrive / Business","Fri May 16 18:48:59 GMT 2025","passed","Fri May 16 18:49:00 GMT 2025","Make Bill Payment > Make bill payment-Education","Pay Bills","",""
"","163","List Locations - States","QA - Cashdrive / Business","Fri May 16 18:49:17 GMT 2025","passed","Fri May 16 18:49:18 GMT 2025","Locations","Settings","",""
"","89","Get Transfer Beneficiaries-Invalid Profile Id","QA - Cashdrive / Business","Fri May 16 18:48:38 GMT 2025","passed","Fri May 16 18:48:38 GMT 2025","Transfer Beneficiaries > Get Beneficiaries","Beneficiaries","",""
"","677","Make Bill Payment","QA - Cashdrive / Business","Fri May 16 18:48:51 GMT 2025","passed","Fri May 16 18:48:51 GMT 2025","Make Bill Payment > Make bill payment-Data > SMILE","Pay Bills","",""
"","84","Get Permissions - No Auth","QA - Cashdrive / Business","Fri May 16 18:48:20 GMT 2025","passed","Fri May 16 18:48:20 GMT 2025","Permisssions","Roles and Permissions","",""
"","209","List Biller Options-Gotv","QA - Cashdrive / Business","Fri May 16 18:48:41 GMT 2025","failed","Fri May 16 18:48:42 GMT 2025","List Biller Options","Pay Bills","",""
"","109","Verify Email - Already Existing Email","QA - Cashdrive / Business","Fri May 16 18:48:06 GMT 2025","passed","Fri May 16 18:48:06 GMT 2025","SignUp..... > Verify email.","Onboarding.","",""
"","79","Forgot Password - Invalid Phone","QA - Cashdrive / Business","Fri May 16 18:48:09 GMT 2025","passed","Fri May 16 18:48:09 GMT 2025","Forgot password","Onboarding.","",""
"","338","Generate TwoFA - Valid","QA - Cashdrive / Business","Fri May 16 18:49:12 GMT 2025","passed","Fri May 16 18:49:12 GMT 2025","Two-FA > Generate Two-FA","User","",""
"","484","Make bill payment","QA - Cashdrive / Business","Fri May 16 18:48:54 GMT 2025","passed","Fri May 16 18:48:55 GMT 2025","Make Bill Payment > Make bill payment-Cable TV > GOTV","Pay Bills","",""
"","97","Create Wallet - Empty fields","QA - Cashdrive / Business","Fri May 16 18:48:30 GMT 2025","passed","Fri May 16 18:48:30 GMT 2025","Create wallet","Wallets","",""
"","1328","Delete Profile","QA - Cashdrive / Business","Fri May 16 18:48:19 GMT 2025","passed","Fri May 16 18:48:20 GMT 2025","Delete Profile","Profile","",""
"","507","Transfer Empty Fields","QA - Cashdrive / Business","Fri May 16 18:48:32 GMT 2025","passed","Fri May 16 18:48:33 GMT 2025","Transfer","Transfer","",""
"","452","Create Bill Beneficiary","QA - Cashdrive / Business","Fri May 16 18:48:39 GMT 2025","passed","Fri May 16 18:48:39 GMT 2025","Bill Beneficiary > Bill Beneficiaries","Beneficiaries","",""
"","273","Make Bill Payment-Invalid category Id","QA - Cashdrive / Business","Fri May 16 18:48:59 GMT 2025","passed","Fri May 16 18:48:59 GMT 2025","Make Bill Payment > Make bill payment-Electricity","Pay Bills","",""
"","198","Create Profile","QA - Cashdrive / Business","Fri May 16 18:48:12 GMT 2025","passed","Fri May 16 18:48:13 GMT 2025","Create Profile","Profile","",""
"","80","Get Saving Products Copy","QA - Cashdrive / Business","Fri May 16 18:49:16 GMT 2025","passed","Fri May 16 18:49:16 GMT 2025","","Savings/Investments","",""
"","125","Get Transactions","QA - Cashdrive / Business","Fri May 16 18:48:27 GMT 2025","passed","Fri May 16 18:48:27 GMT 2025","","Dashboard","",""
"","94","Verify Phone - Phone > 16","QA - Cashdrive / Business","Fri May 16 18:48:07 GMT 2025","passed","Fri May 16 18:48:07 GMT 2025","SignUp..... > Verify phone number","Onboarding.","",""
"","82","Login - Empty Fields","QA - Cashdrive / Business","Fri May 16 18:48:09 GMT 2025","passed","Fri May 16 18:48:09 GMT 2025","Login","Onboarding.","",""
"","1090","Export Transactions-No Auth","QA - Cashdrive / Business","Fri May 16 18:49:02 GMT 2025","passed","Fri May 16 18:49:03 GMT 2025","Export transactions","Transactions","",""
"","786","Create Dispute","QA - Cashdrive / Business","Fri May 16 18:49:03 GMT 2025","failed","Fri May 16 18:49:04 GMT 2025","Create Dispute","Transactions","",""
"","221","Login After Accept Invite","QA - Cashdrive / Business","Fri May 16 18:48:24 GMT 2025","passed","Fri May 16 18:48:24 GMT 2025","Accept Invite","User Management","",""
"","998","Change Password","QA - Cashdrive / Business","Fri May 16 18:48:16 GMT 2025","passed","Fri May 16 18:48:17 GMT 2025","Change Password/ Passcode","Profile","",""
"","83","Create User - Invalid Email OTP","QA - Cashdrive / Business","Fri May 16 18:48:08 GMT 2025","failed","Fri May 16 18:48:08 GMT 2025","SignUp..... > Create user","Onboarding.","",""
"","800","Make Bill Payment","QA - Cashdrive / Business","Fri May 16 18:48:47 GMT 2025","passed","Fri May 16 18:48:48 GMT 2025","Make Bill Payment > Make bill payment-Data > MTN","Pay Bills","",""
"","379","Make Bill Payment","QA - Cashdrive / Business","Fri May 16 18:48:44 GMT 2025","passed","Fri May 16 18:48:44 GMT 2025","Make Bill Payment > Make bill payment-Airtime > MTN","Pay Bills","",""
"","102","Update Role -Invalid permission ID","QA - Cashdrive / Business","Fri May 16 18:48:22 GMT 2025","failed","Fri May 16 18:48:22 GMT 2025","Roles > Update Role","Roles and Permissions","",""
"","95","Update Role-Empty profile id field","QA - Cashdrive / Business","Fri May 16 18:48:21 GMT 2025","passed","Fri May 16 18:48:22 GMT 2025","Roles > Update Role","Roles and Permissions","",""
"","103","Invite User - Empty Fields","QA - Cashdrive / Business","Fri May 16 18:48:23 GMT 2025","passed","Fri May 16 18:48:24 GMT 2025","Invite User","User Management","",""
"","94","List Notifications","QA - Cashdrive / Business","Fri May 16 18:49:14 GMT 2025","passed","Fri May 16 18:49:14 GMT 2025","","Notification","",""
"","102","Create Dispute-Empty fields","QA - Cashdrive / Business","Fri May 16 18:49:05 GMT 2025","passed","Fri May 16 18:49:05 GMT 2025","Create Dispute","Transactions","",""
"","408","Make bill payment-Invalid category Id","QA - Cashdrive / Business","Fri May 16 18:48:57 GMT 2025","passed","Fri May 16 18:48:58 GMT 2025","Make Bill Payment > Make bill payment-Cable TV > STARTIMES","Pay Bills","",""
"","399","Make bill payment-Invalid biller Id","QA - Cashdrive / Business","Fri May 16 18:48:53 GMT 2025","passed","Fri May 16 18:48:54 GMT 2025","Make Bill Payment > Make bill payment-Cable TV > DSTV","Pay Bills","",""
"","180","Update Role-Empty fields","QA - Cashdrive / Business","Fri May 16 18:48:22 GMT 2025","failed","Fri May 16 18:48:22 GMT 2025","Roles > Update Role","Roles and Permissions","",""
"","78","Change Password","QA - Cashdrive / Business","Fri May 16 18:48:12 GMT 2025","passed","Fri May 16 18:48:12 GMT 2025","Change Password","Onboarding.","",""
"","99","Change Password - Revert","QA - Cashdrive / Business","Fri May 16 18:48:18 GMT 2025","passed","Fri May 16 18:48:18 GMT 2025","Change Password/ Passcode","Profile","",""
"","112","Delete Role","QA - Cashdrive / Business","Fri May 16 18:48:22 GMT 2025","passed","Fri May 16 18:48:22 GMT 2025","Roles > Delete Role","Roles and Permissions","",""
"","203","List Biller Options-Data-9mobile","QA - Cashdrive / Business","Fri May 16 18:48:42 GMT 2025","failed","Fri May 16 18:48:42 GMT 2025","List Biller Options","Pay Bills","",""
"","120","Get Wallet Stats","QA - Cashdrive / Business","Fri May 16 18:48:27 GMT 2025","passed","Fri May 16 18:48:27 GMT 2025","","Dashboard","",""
"","707","Reset Password - Rebase","QA - Cashdrive / Business","Fri May 16 18:48:11 GMT 2025","passed","Fri May 16 18:48:12 GMT 2025","Reset password","Onboarding.","",""
"","391","Change Password - Rebase","QA - Cashdrive / Business","Fri May 16 18:48:18 GMT 2025","passed","Fri May 16 18:48:18 GMT 2025","Change Password/ Passcode","Profile","",""
"","154","Get Transactions-Invalid Profile Id","QA - Cashdrive / Business","Fri May 16 18:49:00 GMT 2025","passed","Fri May 16 18:49:01 GMT 2025","Get transactions","Transactions","",""
"","946","Export Transactions","QA - Cashdrive / Business","Fri May 16 18:49:01 GMT 2025","passed","Fri May 16 18:49:02 GMT 2025","Export transactions","Transactions","",""
"","111","Delete User","QA - Cashdrive / Business","Fri May 16 18:48:26 GMT 2025","passed","Fri May 16 18:48:26 GMT 2025","Delete User","User Management","",""
"","113","Get Referral Activities","QA - Cashdrive / Business","Fri May 16 18:49:14 GMT 2025","passed","Fri May 16 18:49:14 GMT 2025","Get Referral Activities","Referral","",""
"","75","Create Account","QA - Cashdrive / Business","Fri May 16 18:48:18 GMT 2025","passed","Fri May 16 18:48:18 GMT 2025","Get Accounts","Profile","",""
"","78","Login - Invalid Phone","QA - Cashdrive / Business","Fri May 16 18:48:09 GMT 2025","passed","Fri May 16 18:48:09 GMT 2025","Login","Onboarding.","",""
"","695","Verify Email - Empty Fields","QA - Cashdrive / Business","Fri May 16 18:48:05 GMT 2025","passed","Fri May 16 18:48:06 GMT 2025","SignUp..... > Verify email.","Onboarding.","",""
"","71","Get Stats","QA - Cashdrive / Business","Fri May 16 18:48:19 GMT 2025","passed","Fri May 16 18:48:19 GMT 2025","Get Accounts","Profile","",""
"","193","Verify Biller Account Number","QA - Cashdrive / Business","Fri May 16 18:48:44 GMT 2025","passed","Fri May 16 18:48:44 GMT 2025","Verify Biller account number","Pay Bills","",""
"","77","Get Role - No auth","QA - Cashdrive / Business","Fri May 16 18:48:21 GMT 2025","passed","Fri May 16 18:48:21 GMT 2025","Roles > Get Role","Roles and Permissions","",""
"","505","Make Bill Payment","QA - Cashdrive / Business","Fri May 16 18:48:44 GMT 2025","passed","Fri May 16 18:48:45 GMT 2025","Make Bill Payment > Make bill payment-Airtime > GLO","Pay Bills","",""
"","106","Update User Profile - Active","QA - Cashdrive / Business","Fri May 16 18:48:25 GMT 2025","passed","Fri May 16 18:48:25 GMT 2025","Update User Profile","User Management","",""
"","92","Update User Profile-Empty profile id field","QA - Cashdrive / Business","Fri May 16 18:48:26 GMT 2025","passed","Fri May 16 18:48:26 GMT 2025","Update User Profile","User Management","",""
"","106","Update Profile - Invalid ProfileId","QA - Cashdrive / Business","Fri May 16 18:48:16 GMT 2025","passed","Fri May 16 18:48:16 GMT 2025","Update Profile","Profile","",""
"","78","Get Users - No Auth","QA - Cashdrive / Business","Fri May 16 18:48:23 GMT 2025","passed","Fri May 16 18:48:23 GMT 2025","Get Users","User Management","",""
"","95","Forgot Password - Rebase","QA - Cashdrive / Business","Fri May 16 18:48:11 GMT 2025","passed","Fri May 16 18:48:11 GMT 2025","Reset password","Onboarding.","",""
"","82","Refresh Token - Empty Fields","QA - Cashdrive / Business","Fri May 16 18:48:12 GMT 2025","passed","Fri May 16 18:48:12 GMT 2025","Refresh Token","Onboarding.","",""
"","409","List Locations - Continents","QA - Cashdrive / Business","Fri May 16 18:49:17 GMT 2025","passed","Fri May 16 18:49:17 GMT 2025","Locations","Settings","",""
"","256","Get Disputes","QA - Cashdrive / Business","Fri May 16 18:49:05 GMT 2025","passed","Fri May 16 18:49:05 GMT 2025","Get Disputes","Transactions","",""
"","78","List Biller Options-No auth","QA - Cashdrive / Business","Fri May 16 18:48:44 GMT 2025","passed","Fri May 16 18:48:44 GMT 2025","List Biller Options","Pay Bills","",""
"","95","Delete Role - Empty Role Id","QA - Cashdrive / Business","Fri May 16 18:48:22 GMT 2025","passed","Fri May 16 18:48:22 GMT 2025","Roles > Delete Role","Roles and Permissions","",""
"","90","Create Role - Invalid profile ID","QA - Cashdrive / Business","Fri May 16 18:48:21 GMT 2025","passed","Fri May 16 18:48:21 GMT 2025","Roles > Create Role","Roles and Permissions","",""
"","91","List Biller Options-Invalid category Id","QA - Cashdrive / Business","Fri May 16 18:48:43 GMT 2025","passed","Fri May 16 18:48:43 GMT 2025","List Biller Options","Pay Bills","",""
"","785","Make Bill Payment","QA - Cashdrive / Business","Fri May 16 18:48:49 GMT 2025","passed","Fri May 16 18:48:50 GMT 2025","Make Bill Payment > Make bill payment-Data > AIRTEL","Pay Bills","",""
"","100","Get Loan Stats","QA - Cashdrive / Business","Fri May 16 18:48:26 GMT 2025","passed","Fri May 16 18:48:27 GMT 2025","","Dashboard","",""
"","84","Verify Biller Account Number-Empty fields","QA - Cashdrive / Business","Fri May 16 18:48:44 GMT 2025","passed","Fri May 16 18:48:44 GMT 2025","Verify Biller account number","Pay Bills","",""
"","193","Verify Phone - Valid","QA - Cashdrive / Business","Fri May 16 18:48:06 GMT 2025","passed","Fri May 16 18:48:06 GMT 2025","SignUp..... > Verify phone number","Onboarding.","",""
"","99","Delete Transfer Beneficiary -Invalid beneficiary Id","QA - Cashdrive / Business","Fri May 16 18:48:38 GMT 2025","passed","Fri May 16 18:48:38 GMT 2025","Transfer Beneficiaries > Delete Beneficiary","Beneficiaries","",""
"","108","Get Profile - Automation Purposed","QA - Cashdrive / Business","Fri May 16 18:48:27 GMT 2025","passed","Fri May 16 18:48:27 GMT 2025","Update Maker Checker","Maker Checker","",""
"","599","Create Transfer Beneficiary-Existing beneficiary","QA - Cashdrive / Business","Fri May 16 18:48:37 GMT 2025","passed","Fri May 16 18:48:37 GMT 2025","Transfer Beneficiaries > Create Beneficiary","Beneficiaries","",""
"","117","Get Logged in User Profile","QA - Cashdrive / Business","Fri May 16 18:48:14 GMT 2025","passed","Fri May 16 18:48:14 GMT 2025","Get Profile by ID","Profile","",""
"","78","Reset Password - Empty Fields","QA - Cashdrive / Business","Fri May 16 18:48:10 GMT 2025","passed","Fri May 16 18:48:10 GMT 2025","Reset password","Onboarding.","",""
"","146","Get Transactions-No Auth","QA - Cashdrive / Business","Fri May 16 18:49:01 GMT 2025","passed","Fri May 16 18:49:01 GMT 2025","Get transactions","Transactions","",""
"","98","Update User Profile-Invalid status","QA - Cashdrive / Business","Fri May 16 18:48:26 GMT 2025","passed","Fri May 16 18:48:26 GMT 2025","Update User Profile","User Management","",""
"","676","Make Bill Payment","QA - Cashdrive / Business","Fri May 16 18:48:45 GMT 2025","passed","Fri May 16 18:48:46 GMT 2025","Make Bill Payment > Make bill payment-Airtime > AIRTEL","Pay Bills","",""
"","76","Get User - No Auth","QA - Cashdrive / Business","Fri May 16 18:48:23 GMT 2025","passed","Fri May 16 18:48:23 GMT 2025","Get User","User Management","",""
"","75","New Request","QA - Cashdrive / Business","Fri May 16 18:48:13 GMT 2025","passed","Fri May 16 18:48:13 GMT 2025","Create Profile","Profile","",""
"","80","Forgot Password - Invalid Email","QA - Cashdrive / Business","Fri May 16 18:48:09 GMT 2025","passed","Fri May 16 18:48:09 GMT 2025","Forgot password","Onboarding.","",""
"","195","List Billers-Data","QA - Cashdrive / Business","Fri May 16 18:48:40 GMT 2025","failed","Fri May 16 18:48:40 GMT 2025","List Billers","Pay Bills","",""
"","157","Transaction Summary","QA - Cashdrive / Business","Fri May 16 18:49:11 GMT 2025","passed","Fri May 16 18:49:11 GMT 2025","Transaction Summary","Transactions","",""
"","72","Get Account","QA - Cashdrive / Business","Fri May 16 18:48:18 GMT 2025","passed","Fri May 16 18:48:18 GMT 2025","Get Accounts","Profile","",""
"","1492","Update Profile - Invalid ProfileId Syntax","QA - Cashdrive / Business","Fri May 16 18:48:14 GMT 2025","passed","Fri May 16 18:48:16 GMT 2025","Update Profile","Profile","",""
"","287","Get Transactions Schedules - Bills","QA - Cashdrive / Business","Fri May 16 18:48:35 GMT 2025","passed","Fri May 16 18:48:35 GMT 2025","Schedule > Get Transaction Schedules","Transfer","",""
"","104","Create Transfer Beneficiary-Incomplete account number","QA - Cashdrive / Business","Fri May 16 18:48:38 GMT 2025","passed","Fri May 16 18:48:38 GMT 2025","Transfer Beneficiaries > Create Beneficiary","Beneficiaries","",""
"","106","Update User Profile-Invalid role ID","QA - Cashdrive / Business","Fri May 16 18:48:26 GMT 2025","failed","Fri May 16 18:48:26 GMT 2025","Update User Profile","User Management","",""
"","160","Forgot Password - Revert","QA - Cashdrive / Business","Fri May 16 18:48:10 GMT 2025","passed","Fri May 16 18:48:11 GMT 2025","Reset password","Onboarding.","",""
"","90","Update Role-Invalid Profile ID","QA - Cashdrive / Business","Fri May 16 18:48:21 GMT 2025","passed","Fri May 16 18:48:21 GMT 2025","Roles > Update Role","Roles and Permissions","",""
"","427","Update Maker Checker","QA - Cashdrive / Business","Fri May 16 18:48:27 GMT 2025","passed","Fri May 16 18:48:27 GMT 2025","Update Maker Checker","Maker Checker","",""
"","90","List Biller Options-Invalid Biller Id","QA - Cashdrive / Business","Fri May 16 18:48:43 GMT 2025","passed","Fri May 16 18:48:43 GMT 2025","List Biller Options","Pay Bills","",""
"","199","List Biller Options-Startimes","QA - Cashdrive / Business","Fri May 16 18:48:42 GMT 2025","failed","Fri May 16 18:48:42 GMT 2025","List Biller Options","Pay Bills","",""
"","105","Get Account Statement","QA - Cashdrive / Business","Fri May 16 18:48:32 GMT 2025","passed","Fri May 16 18:48:32 GMT 2025","","Wallets","",""
"","597","Make Bill Payment","QA - Cashdrive / Business","Fri May 16 18:48:46 GMT 2025","passed","Fri May 16 18:48:47 GMT 2025","Make Bill Payment > Make bill payment-Airtime > SMILE","Pay Bills","",""
"","90","Get Roles - Empty Profile ID","QA - Cashdrive / Business","Fri May 16 18:48:21 GMT 2025","passed","Fri May 16 18:48:21 GMT 2025","Roles > Get Roles","Roles and Permissions","",""
"","83","Get Disputes-No Auth","QA - Cashdrive / Business","Fri May 16 18:49:05 GMT 2025","passed","Fri May 16 18:49:05 GMT 2025","Get Disputes","Transactions","",""
"","197","List Biller Options-Data-Airtel","QA - Cashdrive / Business","Fri May 16 18:48:42 GMT 2025","failed","Fri May 16 18:48:43 GMT 2025","List Biller Options","Pay Bills","",""
"","122","Verify TwoFA - Invalid Code","QA - Cashdrive / Business","Fri May 16 18:49:12 GMT 2025","passed","Fri May 16 18:49:12 GMT 2025","Two-FA > Verify Two-FA","User","",""
"","81","Get Invalid Saving Product Copy","QA - Cashdrive / Business","Fri May 16 18:49:16 GMT 2025","passed","Fri May 16 18:49:16 GMT 2025","","Savings/Investments","",""
"","73","Get Account Statement","QA - Cashdrive / Business","Fri May 16 18:48:18 GMT 2025","passed","Fri May 16 18:48:18 GMT 2025","Get Accounts","Profile","",""
"","129","Create Dispute-Invalid Profile Id","QA - Cashdrive / Business","Fri May 16 18:49:04 GMT 2025","passed","Fri May 16 18:49:04 GMT 2025","Create Dispute","Transactions","",""
"","91","List wallets - Invalid Profile Id","QA - Cashdrive / Business","Fri May 16 18:48:31 GMT 2025","passed","Fri May 16 18:48:31 GMT 2025","List wallets","Wallets","",""
"","89","Get Security Question","QA - Cashdrive / Business","Fri May 16 18:49:11 GMT 2025","passed","Fri May 16 18:49:11 GMT 2025","Get Security Question","User","",""
"","72","Get Referral Configuration","QA - Cashdrive / Business","Fri May 16 18:49:14 GMT 2025","passed","Fri May 16 18:49:14 GMT 2025","Get Referral Configuration","Referral","",""
"","515","Make Bill Payment","QA - Cashdrive / Business","Fri May 16 18:48:59 GMT 2025","passed","Fri May 16 18:48:59 GMT 2025","Make Bill Payment > Make bill payment-Electricity","Pay Bills","",""
"","82","Accept Invite","QA - Cashdrive / Business","Fri May 16 18:48:24 GMT 2025","failed","Fri May 16 18:48:24 GMT 2025","Accept Invite","User Management","",""
"","186","Get Saving Plan","QA - Cashdrive / Business","Fri May 16 18:49:16 GMT 2025","passed","Fri May 16 18:49:16 GMT 2025","Get Savings Plan","Savings/Investments","",""
"","92","Get Profile by ID - Invalid ID","QA - Cashdrive / Business","Fri May 16 18:48:13 GMT 2025","passed","Fri May 16 18:48:14 GMT 2025","Get Profile by ID","Profile","",""
"","97","Invite User - Individual Profile","QA - Cashdrive / Business","Fri May 16 18:48:24 GMT 2025","passed","Fri May 16 18:48:24 GMT 2025","Invite User","User Management","",""
"","202","Resend Invite - Invalid user profile ID","QA - Cashdrive / Business","Fri May 16 18:48:25 GMT 2025","passed","Fri May 16 18:48:25 GMT 2025","Resend Invite","User Management","",""
"","72","Generate OTP","QA - Cashdrive / Business","Fri May 16 18:49:11 GMT 2025","passed","Fri May 16 18:49:11 GMT 2025","Generate OTP","User","",""
"","390","Make bill payment-Invalid option Id","QA - Cashdrive / Business","Fri May 16 18:48:56 GMT 2025","passed","Fri May 16 18:48:56 GMT 2025","Make Bill Payment > Make bill payment-Cable TV > GOTV","Pay Bills","",""
"","391","Make bill payment-Invalid biller Id","QA - Cashdrive / Business","Fri May 16 18:48:58 GMT 2025","passed","Fri May 16 18:48:59 GMT 2025","Make Bill Payment > Make bill payment-Cable TV > STARTIMES","Pay Bills","",""
"","96","Create Wallet - Invalid Profile Id","QA - Cashdrive / Business","Fri May 16 18:48:30 GMT 2025","passed","Fri May 16 18:48:30 GMT 2025","Create wallet","Wallets","",""
"","191","Update Profile - Valid","QA - Cashdrive / Business","Fri May 16 18:48:14 GMT 2025","passed","Fri May 16 18:48:14 GMT 2025","Update Profile","Profile","",""
"","99","Create Dispute-Invalid transaction id","QA - Cashdrive / Business","Fri May 16 18:49:05 GMT 2025","passed","Fri May 16 18:49:05 GMT 2025","Create Dispute","Transactions","",""
"","137","List Notifications","QA - Cashdrive / Business","Fri May 16 18:48:27 GMT 2025","passed","Fri May 16 18:48:27 GMT 2025","","Dashboard","",""
"","74","Disable TwoFA - Valid","QA - Cashdrive / Business","Fri May 16 18:49:13 GMT 2025","passed","Fri May 16 18:49:13 GMT 2025","Two-FA > Disable Two-FA","User","",""
"","165","Verify TwoFA - Valid","QA - Cashdrive / Business","Fri May 16 18:49:12 GMT 2025","passed","Fri May 16 18:49:12 GMT 2025","Two-FA > Verify Two-FA","User","",""
"","95","Verify TwoFA - Code > 6 Digits","QA - Cashdrive / Business","Fri May 16 18:49:12 GMT 2025","passed","Fri May 16 18:49:12 GMT 2025","Two-FA > Verify Two-FA","User","",""
"","144","Get Bill Beneficiary","QA - Cashdrive / Business","Fri May 16 18:48:39 GMT 2025","passed","Fri May 16 18:48:39 GMT 2025","Bill Beneficiary > Bill Beneficiaries","Beneficiaries","",""
"","109","Get Referral Activity","QA - Cashdrive / Business","Fri May 16 18:49:14 GMT 2025","passed","Fri May 16 18:49:14 GMT 2025","Get Referral Activity","Referral","",""
"","500","Make bill payment-Invalid category Id","QA - Cashdrive / Business","Fri May 16 18:48:53 GMT 2025","passed","Fri May 16 18:48:53 GMT 2025","Make Bill Payment > Make bill payment-Cable TV > DSTV","Pay Bills","",""
"","94","List Tiers - Personal","QA - Cashdrive / Business","Fri May 16 18:49:13 GMT 2025","passed","Fri May 16 18:49:13 GMT 2025","Fetch Teirs","Tiers","",""
"","220","List Biller Options-Dstv","QA - Cashdrive / Business","Fri May 16 18:48:41 GMT 2025","failed","Fri May 16 18:48:41 GMT 2025","List Biller Options","Pay Bills","",""
"","155","Get Saving Plan Certificate","QA - Cashdrive / Business","Fri May 16 18:49:16 GMT 2025","passed","Fri May 16 18:49:16 GMT 2025","Get Savings Plan Certificate","Savings/Investments","",""
"","195","List Biller Options-Data-Smile","QA - Cashdrive / Business","Fri May 16 18:48:43 GMT 2025","failed","Fri May 16 18:48:43 GMT 2025","List Biller Options","Pay Bills","",""
"","680","Make bill payment-Empty fields","QA - Cashdrive / Business","Fri May 16 18:48:57 GMT 2025","passed","Fri May 16 18:48:57 GMT 2025","Make Bill Payment > Make bill payment-Cable TV > STARTIMES","Pay Bills","",""
"","295","Invite User - Already Existing User","QA - Cashdrive / Business","Fri May 16 18:48:23 GMT 2025","passed","Fri May 16 18:48:23 GMT 2025","Invite User","User Management","",""
"","92","Verify TwoFA - Code < 6 Digits","QA - Cashdrive / Business","Fri May 16 18:49:12 GMT 2025","passed","Fri May 16 18:49:13 GMT 2025","Two-FA > Verify Two-FA","User","",""
"","71","Get Saving Plan Copy","QA - Cashdrive / Business","Fri May 16 18:49:17 GMT 2025","passed","Fri May 16 18:49:17 GMT 2025","","Savings/Investments","",""
"","797","Make bill payment","QA - Cashdrive / Business","Fri May 16 18:48:51 GMT 2025","passed","Fri May 16 18:48:52 GMT 2025","Make Bill Payment > Make bill payment-Cable TV > DSTV","Pay Bills","",""
"","399","Make bill payment-Invalid biller Id","QA - Cashdrive / Business","Fri May 16 18:48:56 GMT 2025","passed","Fri May 16 18:48:56 GMT 2025","Make Bill Payment > Make bill payment-Cable TV > GOTV","Pay Bills","",""
"","385","Create Bill Payment Schedule","QA - Cashdrive / Business","Fri May 16 18:48:34 GMT 2025","failed","Fri May 16 18:48:35 GMT 2025","Schedule > Bills Payment Schedule","Transfer","",""
"","100","Update User Location","QA - Cashdrive / Business","Fri May 16 18:48:26 GMT 2025","failed","Fri May 16 18:48:26 GMT 2025","Update User Profile","User Management","",""
"","106","Get Wallet - Invalid Profile Id","QA - Cashdrive / Business","Fri May 16 18:48:31 GMT 2025","passed","Fri May 16 18:48:31 GMT 2025","Get wallet","Wallets","",""
"","103","Get Transfer Beneficiary-Invalid profile Id","QA - Cashdrive / Business","Fri May 16 18:48:39 GMT 2025","passed","Fri May 16 18:48:39 GMT 2025","Transfer Beneficiaries > Get Beneficiary","Beneficiaries","",""
"","75","Get Roles - No Auth","QA - Cashdrive / Business","Fri May 16 18:48:21 GMT 2025","passed","Fri May 16 18:48:21 GMT 2025","Roles > Get Roles","Roles and Permissions","",""
"","156","Get Saving Plans Copy","QA - Cashdrive / Business","Fri May 16 18:49:17 GMT 2025","passed","Fri May 16 18:49:17 GMT 2025","","Savings/Investments","",""
"","108","Resend Invite - Empty user profile ID field","QA - Cashdrive / Business","Fri May 16 18:48:25 GMT 2025","passed","Fri May 16 18:48:25 GMT 2025","Resend Invite","User Management","",""
"","98","Get Role","QA - Cashdrive / Business","Fri May 16 18:48:21 GMT 2025","passed","Fri May 16 18:48:21 GMT 2025","Roles > Get Role","Roles and Permissions","",""
"","279","Verify Email - Invalid Email Format","QA - Cashdrive / Business","Fri May 16 18:48:05 GMT 2025","passed","Fri May 16 18:48:05 GMT 2025","SignUp..... > Verify email.","Onboarding.","",""
"","90","List Tiers - Business","QA - Cashdrive / Business","Fri May 16 18:49:13 GMT 2025","passed","Fri May 16 18:49:13 GMT 2025","Fetch Teirs","Tiers","",""
"","92","Invite User - Empty Profile ID","QA - Cashdrive / Business","Fri May 16 18:48:24 GMT 2025","passed","Fri May 16 18:48:24 GMT 2025","Invite User","User Management","",""
"","191","List Biller Options-Data-Glo","QA - Cashdrive / Business","Fri May 16 18:48:42 GMT 2025","failed","Fri May 16 18:48:42 GMT 2025","List Biller Options","Pay Bills","",""
"","92","Approve Operation - Empty Fields","QA - Cashdrive / Business","Fri May 16 18:48:30 GMT 2025","passed","Fri May 16 18:48:30 GMT 2025","Maker Checker Operations > Approve Operation","Maker Checker","",""
"","79","Accept Invite with expired jwt","QA - Cashdrive / Business","Fri May 16 18:48:24 GMT 2025","failed","Fri May 16 18:48:24 GMT 2025","Accept Invite","User Management","",""
"","800","Mtn Data-Empty fields","QA - Cashdrive / Business","Fri May 16 18:48:48 GMT 2025","passed","Fri May 16 18:48:48 GMT 2025","Make Bill Payment > Make bill payment-Data > MTN","Pay Bills","",""
"","111","Get Transactions Schedules - Transfer","QA - Cashdrive / Business","Fri May 16 18:48:35 GMT 2025","passed","Fri May 16 18:48:35 GMT 2025","Schedule > Get Transaction Schedules","Transfer","",""
"","143","Get Transaction-No auth","QA - Cashdrive / Business","Fri May 16 18:49:01 GMT 2025","passed","Fri May 16 18:49:01 GMT 2025","Get transaction","Transactions","",""
"","399","Make bill payment-Invalid option Id","QA - Cashdrive / Business","Fri May 16 18:48:58 GMT 2025","passed","Fri May 16 18:48:58 GMT 2025","Make Bill Payment > Make bill payment-Cable TV > STARTIMES","Pay Bills","",""
"","81","Download Offer Letter","QA - Cashdrive / Business","Fri May 16 18:49:18 GMT 2025","passed","Fri May 16 18:49:18 GMT 2025","","Loans","",""
"","114","Refresh - Token","QA - Cashdrive / Business","Fri May 16 18:48:12 GMT 2025","passed","Fri May 16 18:48:12 GMT 2025","Refresh Token","Onboarding.","",""
"","97","Forgot PIN","QA - Cashdrive / Business","Fri May 16 18:49:11 GMT 2025","passed","Fri May 16 18:49:11 GMT 2025","Forgot PIN","User","",""
"","199","List Bill Categories","QA - Cashdrive / Business","Fri May 16 18:48:40 GMT 2025","failed","Fri May 16 18:48:40 GMT 2025","List Bill categories","Pay Bills","",""
"","224","Get Dispute","QA - Cashdrive / Business","Fri May 16 18:49:05 GMT 2025","passed","Fri May 16 18:49:05 GMT 2025","Get Dispute","Transactions","",""
"","101","Invite User - Non existing role","QA - Cashdrive / Business","Fri May 16 18:48:23 GMT 2025","passed","Fri May 16 18:48:23 GMT 2025","Invite User","User Management","",""
"","104","Get Notification","QA - Cashdrive / Business","Fri May 16 18:49:14 GMT 2025","passed","Fri May 16 18:49:15 GMT 2025","","Notification","",""
"","105","Get Users - Filter Inactive","QA - Cashdrive / Business","Fri May 16 18:48:23 GMT 2025","passed","Fri May 16 18:48:23 GMT 2025","Get Users","User Management","",""
"","415","Create User - Valid","QA - Cashdrive / Business","Fri May 16 18:48:07 GMT 2025","passed","Fri May 16 18:48:07 GMT 2025","SignUp..... > Create user","Onboarding.","",""
"","85","List Documents -No auth","QA - Cashdrive / Business","Fri May 16 18:49:13 GMT 2025","passed","Fri May 16 18:49:14 GMT 2025","List Documents","Documents","",""
"","75","Get Transfer Beneficiary-No auth","QA - Cashdrive / Business","Fri May 16 18:48:39 GMT 2025","passed","Fri May 16 18:48:39 GMT 2025","Transfer Beneficiaries > Get Beneficiary","Beneficiaries","",""
"","642","Reset Password","QA - Cashdrive / Business","Fri May 16 18:48:09 GMT 2025","failed","Fri May 16 18:48:10 GMT 2025","Reset password","Onboarding.","",""
"","87","Get Saving Product","QA - Cashdrive / Business","Fri May 16 18:49:15 GMT 2025","passed","Fri May 16 18:49:15 GMT 2025","Get Savings Product","Savings/Investments","",""
"","167","Get Banks","QA - Cashdrive / Business","Fri May 16 18:48:35 GMT 2025","passed","Fri May 16 18:48:35 GMT 2025","Banks","Transfer","",""
"","1000","Create Transfer Beneficiary","QA - Cashdrive / Business","Fri May 16 18:48:36 GMT 2025","passed","Fri May 16 18:48:37 GMT 2025","Transfer Beneficiaries > Create Beneficiary","Beneficiaries","",""
"","811","Make Bill Payment","QA - Cashdrive / Business","Fri May 16 18:48:50 GMT 2025","passed","Fri May 16 18:48:51 GMT 2025","Make Bill Payment > Make bill payment-Data > 9MOBILE","Pay Bills","",""
"","81","Get Tier","QA - Cashdrive / Business","Fri May 16 18:49:13 GMT 2025","passed","Fri May 16 18:49:13 GMT 2025","Get Tier","Tiers","",""
"","106","Update User Profile-Invalid id","QA - Cashdrive / Business","Fri May 16 18:48:25 GMT 2025","passed","Fri May 16 18:48:26 GMT 2025","Update User Profile","User Management","",""
"","102","Update User Profile-Empty fields","QA - Cashdrive / Business","Fri May 16 18:48:26 GMT 2025","passed","Fri May 16 18:48:26 GMT 2025","Update User Profile","User Management","",""
"","98","Update Role-Invalid id","QA - Cashdrive / Business","Fri May 16 18:48:21 GMT 2025","passed","Fri May 16 18:48:21 GMT 2025","Roles > Update Role","Roles and Permissions","",""
"","112","Get Users","QA - Cashdrive / Business","Fri May 16 18:48:22 GMT 2025","passed","Fri May 16 18:48:22 GMT 2025","Get Users","User Management","",""
"","193","Forgot Password - Valid","QA - Cashdrive / Business","Fri May 16 18:48:09 GMT 2025","passed","Fri May 16 18:48:09 GMT 2025","Forgot password","Onboarding.","",""
"","76","Get Loan","QA - Cashdrive / Business","Fri May 16 18:49:18 GMT 2025","passed","Fri May 16 18:49:18 GMT 2025","","Loans","",""
"","211","Update Profile - Empty Fields","QA - Cashdrive / Business","Fri May 16 18:48:14 GMT 2025","passed","Fri May 16 18:48:14 GMT 2025","Update Profile","Profile","",""
"","93","Disable TwoFA - Invalid","QA - Cashdrive / Business","Fri May 16 18:49:13 GMT 2025","passed","Fri May 16 18:49:13 GMT 2025","Two-FA > Disable Two-FA","User","",""
"","193","Change Password - Empty Fields","QA - Cashdrive / Business","Fri May 16 18:48:17 GMT 2025","passed","Fri May 16 18:48:17 GMT 2025","Change Password/ Passcode","Profile","",""
"","703","Make Bill Payment","QA - Cashdrive / Business","Fri May 16 18:48:46 GMT 2025","passed","Fri May 16 18:48:46 GMT 2025","Make Bill Payment > Make bill payment-Airtime > 9MOBILE","Pay Bills","",""
"","107","Create Transfer Beneficiary-Empty fields","QA - Cashdrive / Business","Fri May 16 18:48:37 GMT 2025","passed","Fri May 16 18:48:38 GMT 2025","Transfer Beneficiaries > Create Beneficiary","Beneficiaries","",""
"","135","Get Transactions","QA - Cashdrive / Business","Fri May 16 18:49:01 GMT 2025","passed","Fri May 16 18:49:01 GMT 2025","Get transactions","Transactions","",""
"","105","Update User Profile-Empty id field","QA - Cashdrive / Business","Fri May 16 18:48:26 GMT 2025","passed","Fri May 16 18:48:26 GMT 2025","Update User Profile","User Management","",""
"","375","List Billers-electricity","QA - Cashdrive / Business","Fri May 16 18:48:40 GMT 2025","failed","Fri May 16 18:48:41 GMT 2025","List Billers","Pay Bills","",""
"","94","Batch Account Enquiry","QA - Cashdrive / Business","Fri May 16 18:48:33 GMT 2025","passed","Fri May 16 18:48:33 GMT 2025","Batch Account Enquiry","Transfer","",""
"","96","Invite User - Invalid Profile ID","QA - Cashdrive / Business","Fri May 16 18:48:24 GMT 2025","passed","Fri May 16 18:48:24 GMT 2025","Invite User","User Management","",""
"","82","Get Loan Product","QA - Cashdrive / Business","Fri May 16 18:49:18 GMT 2025","passed","Fri May 16 18:49:18 GMT 2025","","Loan Products","",""
"","83","Get Loan Stats","QA - Cashdrive / Business","Fri May 16 18:49:18 GMT 2025","passed","Fri May 16 18:49:18 GMT 2025","","Loans","",""
"","74","List wallets - No auth","QA - Cashdrive / Business","Fri May 16 18:48:31 GMT 2025","passed","Fri May 16 18:48:31 GMT 2025","List wallets","Wallets","",""
"","502","Make bill payment-Empty fields","QA - Cashdrive / Business","Fri May 16 18:48:55 GMT 2025","passed","Fri May 16 18:48:55 GMT 2025","Make Bill Payment > Make bill payment-Cable TV > GOTV","Pay Bills","",""
"","121","Create Saving Plan","QA - Cashdrive / Business","Fri May 16 18:49:15 GMT 2025","passed","Fri May 16 18:49:15 GMT 2025","Create Saving Plan","Savings/Investments","",""
"","71","Close Account","QA - Cashdrive / Business","Fri May 16 18:48:19 GMT 2025","passed","Fri May 16 18:48:19 GMT 2025","Get Accounts","Profile","",""
"","77","Reset Password - Complexity","QA - Cashdrive / Business","Fri May 16 18:48:10 GMT 2025","passed","Fri May 16 18:48:10 GMT 2025","Reset password","Onboarding.","",""
"","488","Change Password - Invalid Current Password","QA - Cashdrive / Business","Fri May 16 18:48:17 GMT 2025","passed","Fri May 16 18:48:18 GMT 2025","Change Password/ Passcode","Profile","",""
"","511","Make Bill Payment","QA - Cashdrive / Business","Fri May 16 18:48:48 GMT 2025","passed","Fri May 16 18:48:49 GMT 2025","Make Bill Payment > Make bill payment-Data > GLO","Pay Bills","",""
"","91","Update User Profile-Invalid profile id","QA - Cashdrive / Business","Fri May 16 18:48:25 GMT 2025","passed","Fri May 16 18:48:25 GMT 2025","Update User Profile","User Management","",""
"","197","List Billers-education","QA - Cashdrive / Business","Fri May 16 18:48:41 GMT 2025","failed","Fri May 16 18:48:41 GMT 2025","List Billers","Pay Bills","",""
"","190","Update Transfer Schedule","QA - Cashdrive / Business","Fri May 16 18:48:34 GMT 2025","passed","Fri May 16 18:48:34 GMT 2025","Schedule > Transfer Schedule","Transfer","",""
"","188","Get Profile by ID","QA - Cashdrive / Business","Fri May 16 18:48:13 GMT 2025","passed","Fri May 16 18:48:13 GMT 2025","Get Profile by ID","Profile","",""
"","605","Approve Operation","QA - Cashdrive / Business","Fri May 16 18:48:29 GMT 2025","failed","Fri May 16 18:48:30 GMT 2025","Maker Checker Operations > Approve Operation","Maker Checker","",""
"","795","Update Maker Checker - Empty Fields","QA - Cashdrive / Business","Fri May 16 18:48:27 GMT 2025","passed","Fri May 16 18:48:28 GMT 2025","Update Maker Checker","Maker Checker","",""
"","88","Set Document-Empty fields","QA - Cashdrive / Business","Fri May 16 18:49:14 GMT 2025","passed","Fri May 16 18:49:14 GMT 2025","Set Document","Documents","",""
"","77","Generate TwoFA - No Auth","QA - Cashdrive / Business","Fri May 16 18:49:12 GMT 2025","passed","Fri May 16 18:49:12 GMT 2025","Two-FA > Generate Two-FA","User","",""
"","397","Make bill payment-Invalid category Id","QA - Cashdrive / Business","Fri May 16 18:48:55 GMT 2025","passed","Fri May 16 18:48:56 GMT 2025","Make Bill Payment > Make bill payment-Cable TV > GOTV","Pay Bills","",""
"","200","List Billers-Airtime","QA - Cashdrive / Business","Fri May 16 18:48:40 GMT 2025","failed","Fri May 16 18:48:40 GMT 2025","List Billers","Pay Bills","",""
"","101","Get User","QA - Cashdrive / Business","Fri May 16 18:48:23 GMT 2025","passed","Fri May 16 18:48:23 GMT 2025","Get User","User Management","",""
"","434","Verify Email - Valid.","QA - Cashdrive / Business","Fri May 16 18:48:05 GMT 2025","passed","Fri May 16 18:48:05 GMT 2025","SignUp..... > Verify email.","Onboarding.","",""
"","99","Get Wallet - Invalid account Id","QA - Cashdrive / Business","Fri May 16 18:48:31 GMT 2025","passed","Fri May 16 18:48:31 GMT 2025","Get wallet","Wallets","",""
"","152","Get Operations","QA - Cashdrive / Business","Fri May 16 18:48:29 GMT 2025","passed","Fri May 16 18:48:29 GMT 2025","Maker Checker Operations > Get Operations","Maker Checker","",""
"","445","Transfer","QA - Cashdrive / Business","Fri May 16 18:48:32 GMT 2025","passed","Fri May 16 18:48:32 GMT 2025","Transfer","Transfer","",""
"","111","Update Role-Invalid status","QA - Cashdrive / Business","Fri May 16 18:48:22 GMT 2025","failed","Fri May 16 18:48:22 GMT 2025","Roles > Update Role","Roles and Permissions","",""
"","96","Create Dispute-Non existing profile","QA - Cashdrive / Business","Fri May 16 18:49:04 GMT 2025","passed","Fri May 16 18:49:05 GMT 2025","Create Dispute","Transactions","",""
"","91","Get Saving Products","QA - Cashdrive / Business","Fri May 16 18:49:15 GMT 2025","passed","Fri May 16 18:49:15 GMT 2025","Get Savings Products","Savings/Investments","",""
